original_filename,original_path,new_filename,new_path,timestamp,suggestions
4K无损音乐-程响-人间烟火[4K60-24_48-中.m4a,c:\Users\27550\Desktop\code\git\linux_cmds-sh\py\music_rename\origin\4K无损音乐-程响-人间烟火[4K60-24_48-中.m4a,人间烟火-程响-4K无损.m4a,c:\Users\27550\Desktop\code\git\linux_cmds-sh\py\music_rename\generate\人间烟火-程响-4K无损.m4a,2026-03-16 10:51:19,人间烟火-程响-4K无损.m4a|人间烟火-程响-24_48.m4a|人间烟火-程响-4K60.m4a
Ann_入目黄昏-色は匂へど散りぬるを_翻唱_东方proj.m4a,c:\Users\27550\Desktop\code\git\linux_cmds-sh\py\music_rename\origin\Ann_入目黄昏-色は匂へど散りぬるを_翻唱_东方proj.m4a,色は匂へど散りぬるを-入目黄昏-翻唱东方proj.m4a,c:\Users\27550\Desktop\code\git\linux_cmds-sh\py\music_rename\generate\色は匂へど散りぬるを-入目黄昏-翻唱东方proj.m4a,2026-03-16 10:52:26,入目黄昏-Ann-东方proj翻唱.m4a|色は匂へど散りぬるを-Ann-入目黄昏翻唱.m4a|Ann-入目黄昏-东方proj翻唱.m4a
Ayase-YOASOBI-YOASOBI_アイドル(Idol)_O.m4a,c:\Users\27550\Desktop\code\git\linux_cmds-sh\py\music_rename\origin\Ayase-YOASOBI-YOASOBI_アイドル(Idol)_O.m4a,アイドル(Idol)-YOASOBI.m4a,c:\Users\27550\Desktop\code\git\linux_cmds-sh\py\music_rename\generate\アイドル(Idol)-YOASOBI.m4a,2026-03-16 10:52:59,アイドル-YOASOBI-Ayase.m4a|アイドル(Idol)-YOASOBI-O.m4a|YOASOBI-アイドル-Ayase_Original.m4a
COPY-【乐正绫原创】世末歌者【PV付_COSM.m4a,c:\Users\27550\Desktop\code\git\linux_cmds-sh\py\music_rename\origin\COPY-【乐正绫原创】世末歌者【PV付_COSM.m4a,世末歌者-乐正绫-原创.m4a,c:\Users\27550\Desktop\code\git\linux_cmds-sh\py\music_rename\generate\世末歌者-乐正绫-原创.m4a,2026-03-16 10:53:11,世末歌者-乐正绫-原创.m4a|世末歌者-乐正绫-PV付.m4a|世末歌者-乐正绫-COSM.m4a
Ed_d_d_d-【AI东雪莲】雨下人间_雨上天堂-顶级模.m4a,c:\Users\27550\Desktop\code\git\linux_cmds-sh\py\music_rename\origin\Ed_d_d_d-【AI东雪莲】雨下人间_雨上天堂-顶级模.m4a,雨下人间_雨上天堂-AI东雪莲-音乐作品.m4a,c:\Users\27550\Desktop\code\git\linux_cmds-sh\py\music_rename\generate\雨下人间_雨上天堂-AI东雪莲-音乐作品.m4a,2026-03-16 10:53:32,雨下人间_雨上天堂-东雪莲-AI翻唱.m4a|雨下人间_雨上天堂-AI东雪莲-音乐作品.m4a|雨下人间_雨上天堂-东雪莲-音乐模版.m4a
ilem-洛天依，言和_原创《达拉崩吧》.m4a,c:\Users\27550\Desktop\code\git\linux_cmds-sh\py\music_rename\origin\ilem-洛天依，言和_原创《达拉崩吧》.m4a,达拉崩吧-ilem-洛天依言和原创.m4a,c:\Users\27550\Desktop\code\git\linux_cmds-sh\py\music_rename\generate\达拉崩吧-ilem-洛天依言和原创.m4a,2026-03-16 10:53:42,达拉崩吧-ilem-洛天依言和原创.m4a|达拉崩吧-ilem-洛天依言和.m4a|达拉崩吧-ilem-VOCALOID原创.m4a
likejshy-Forフルーツバスケット_水果篮子_OP.m4a,c:\Users\27550\Desktop\code\git\linux_cmds-sh\py\music_rename\origin\likejshy-Forフルーツバスケット_水果篮子_OP.m4a,ツバスケット_水果篮子-likejshy-Forフル.m4a,c:\Users\27550\Desktop\code\git\linux_cmds-sh\py\music_rename\generate\ツバスケット_水果篮子-likejshy-Forフル.m4a,2026-03-16 10:54:16,Forフルーツバスケット-Forフルーツバスケット_OP.m4a|水果篮子-Forフルーツバスケット_OP.m4a|Forフルーツバスケット-likejshy-OP.m4a
MXirony-“威仪棣棣，不可选也。”.m4a,c:\Users\27550\Desktop\code\git\linux_cmds-sh\py\music_rename\origin\MXirony-“威仪棣棣，不可选也。”.m4a,威仪棣棣，不可选也-MXirony-国风音乐.m4a,c:\Users\27550\Desktop\code\git\linux_cmds-sh\py\music_rename\generate\威仪棣棣，不可选也-MXirony-国风音乐.m4a,2026-03-16 10:54:29,威仪棣棣，不可选也-MXirony-诗经.m4a|威仪棣棣，不可选也-MXirony-古风.m4a|威仪棣棣，不可选也-MXirony-国风音乐.m4a
Neuro音乐-《原神_6_0_OST》少女哥伦比娅主题.m4a,c:\Users\27550\Desktop\code\git\linux_cmds-sh\py\music_rename\origin\Neuro音乐-《原神_6_0_OST》少女哥伦比娅主题.m4a,蓝月之庭(摇篮曲)-少女哥伦比娅-Neuro音乐.m4a,c:\Users\27550\Desktop\code\git\linux_cmds-sh\py\music_rename\generate\蓝月之庭(摇篮曲)-少女哥伦比娅-Neuro音乐.m4a,2026-03-16 10:55:20,少女哥伦比娅主题-原神OST-Neuro音乐.m4a|少女哥伦比娅主题-原神6.0OST-Neuro音乐.m4a|少女哥伦比娅主题-原神游戏原声-Neuro音乐.m4a
otone-music-流星赞歌_(流星賛歌)____重音テト.m4a,c:\Users\27550\Desktop\code\git\linux_cmds-sh\py\music_rename\origin\otone-music-流星赞歌_(流星賛歌)____重音テト.m4a,流星赞歌-重音テト-otone.m4a,c:\Users\27550\Desktop\code\git\linux_cmds-sh\py\music_rename\generate\流星赞歌-重音テト-otone.m4a,2026-03-16 10:55:28,流星赞歌-重音テト-otone.m4a|流星賛歌-重音テト-流星赞歌.m4a|流星赞歌-重音テト-流星賛歌.m4a
ProjectMili-Mili_-_Hero（英雄）【边狱巴士.m4a,c:\Users\27550\Desktop\code\git\linux_cmds-sh\py\music_rename\origin\ProjectMili-Mili_-_Hero（英雄）【边狱巴士.m4a,Hero（英雄）-ProjectMili-边狱巴士.m4a,c:\Users\27550\Desktop\code\git\linux_cmds-sh\py\music_rename\generate\Hero（英雄）-ProjectMili-边狱巴士.m4a,2026-03-16 10:56:18,Mili-Hero-ProjectMili.m4a|Hero-Mili-边狱巴士.m4a|Mili-Hero-ProjectMili边狱巴士.m4a
ProjectMili-Mili_-_TIAN_TIAN【边狱巴.m4a,c:\Users\27550\Desktop\code\git\linux_cmds-sh\py\music_rename\origin\ProjectMili-Mili_-_TIAN_TIAN【边狱巴.m4a,TIAN TIAN-Mili-边狱巴士.m4a,c:\Users\27550\Desktop\code\git\linux_cmds-sh\py\music_rename\generate\TIAN TIAN-Mili-边狱巴士.m4a,2026-03-16 10:56:31,TIAN TIAN-Mili-边狱巴士.m4a|天天-Mili-ProjectMili.m4a|TIAN TIAN-Mili-ProjectMili边狱巴士.m4a
ProjectMili-Mili【ENDER_MAGNOLIA】.m4a,c:\Users\27550\Desktop\code\git\linux_cmds-sh\py\music_rename\origin\ProjectMili-Mili【ENDER_MAGNOLIA】.m4a,ENDER_MAGNOLIA-ProjectMili-Mili.m4a,c:\Users\27550\Desktop\code\git\linux_cmds-sh\py\music_rename\generate\ENDER_MAGNOLIA-ProjectMili-Mili.m4a,2026-03-16 10:56:41,ENDER_MAGNOLIA-ProjectMili-Mili.m4a|ENDER_MAGNOLIA-Mili-ProjectMili.m4a|Mili-ENDER_MAGNOLIA-ProjectMili.m4a
ProjectMili-【Mili】Ga1ahad_and_Sc.m4a,c:\Users\27550\Desktop\code\git\linux_cmds-sh\py\music_rename\origin\ProjectMili-【Mili】Ga1ahad_and_Sc.m4a,Ga1ahad_and_Scientific_Witchery-Mili-Project_Mili.m4a,c:\Users\27550\Desktop\code\git\linux_cmds-sh\py\music_rename\generate\Ga1ahad_and_Scientific_Witchery-Mili-Project_Mili.m4a,2026-03-16 10:56:52,Ga1ahad_and_Scientific_Witchery-Mili-Mili_Project.m4a|Ga1ahad_and_Scientific_Witchery-Mili-Project_Mili.m4a|Ga1ahad_and_Scientific_Witchery-Mili-Original_Song.m4a
ProjectMili-【Mili】Summoning_101（.m4a,c:\Users\27550\Desktop\code\git\linux_cmds-sh\py\music_rename\origin\ProjectMili-【Mili】Summoning_101（.m4a,Summoning_101-Mili-ProjectMili.m4a,c:\Users\27550\Desktop\code\git\linux_cmds-sh\py\music_rename\generate\Summoning_101-Mili-ProjectMili.m4a,2026-03-16 10:56:59,Summoning_101-Mili-ProjectMili.m4a|Summoning_101-Mili.m4a|Summoning_101-Mili-ProjectMili_Original.m4a
restart0x-【熟肉_塔科夫】诺文斯克民谣.m4a,c:\Users\27550\Desktop\code\git\linux_cmds-sh\py\music_rename\origin\restart0x-【熟肉_塔科夫】诺文斯克民谣.m4a,诺文斯克民谣-restart0x-熟肉塔科夫.m4a,c:\Users\27550\Desktop\code\git\linux_cmds-sh\py\music_rename\generate\诺文斯克民谣-restart0x-熟肉塔科夫.m4a,2026-03-16 10:57:08,诺文斯克民谣-restart0x-熟肉塔科夫.m4a|诺文斯克民谣-restart0x-塔科夫音乐.m4a|诺文斯克民谣-restart0x-游戏音乐.m4a
rui-蕊--好运来～.m4a,c:\Users\27550\Desktop\code\git\linux_cmds-sh\py\music_rename\origin\rui-蕊--好运来～.m4a,好运来-蕊-单曲.m4a,c:\Users\27550\Desktop\code\git\linux_cmds-sh\py\music_rename\generate\好运来-蕊-单曲.m4a,2026-03-16 10:57:17,好运来-蕊-单曲.m4a|好运来-蕊-完整版.m4a|好运来-蕊-原唱.m4a
Sallos-【8K】MV_宮本浩次_《冬之花》「冬の.m4a,c:\Users\27550\Desktop\code\git\linux_cmds-sh\py\music_rename\origin\Sallos-【8K】MV_宮本浩次_《冬之花》「冬の.m4a,冬之花-宮本浩次-MV.m4a,c:\Users\27550\Desktop\code\git\linux_cmds-sh\py\music_rename\generate\冬之花-宮本浩次-MV.m4a,2026-03-16 10:57:25,冬之花-宮本浩次-MV.m4a|冬之花-宮本浩次-8K MV.m4a|冬之花-宮本浩次-官方MV.m4a
salo600-意大利反法西斯歌曲Bella_Ciao《.m4a,c:\Users\27550\Desktop\code\git\linux_cmds-sh\py\music_rename\origin\salo600-意大利反法西斯歌曲Bella_Ciao《.m4a,Bella_Ciao-意大利反法西斯歌曲-原版.m4a,c:\Users\27550\Desktop\code\git\linux_cmds-sh\py\music_rename\generate\Bella_Ciao-意大利反法西斯歌曲-原版.m4a,2026-03-16 10:57:37,Bella_Ciao-意大利反法西斯歌曲-原版.m4a|Bella_Ciao-意大利反法西斯歌曲-现场版.m4a|Bella_Ciao-意大利反法西斯歌曲-演奏版.m4a
seb塞巴-顶级品质试听《射杀恋人的那天》虽然不是叛.m4a,c:\Users\27550\Desktop\code\git\linux_cmds-sh\py\music_rename\origin\seb塞巴-顶级品质试听《射杀恋人的那天》虽然不是叛.m4a,射杀恋人的那天-seb塞巴-顶级品质试听.m4a,c:\Users\27550\Desktop\code\git\linux_cmds-sh\py\music_rename\generate\射杀恋人的那天-seb塞巴-顶级品质试听.m4a,2026-03-16 10:57:49,射杀恋人的那天-seb塞巴-顶级品质试听.m4a|射杀恋人的那天-seb塞巴-试听版.m4a|射杀恋人的那天-seb塞巴.m4a
Sona_ソナ-Guiano_-_花_(feat_花谱).m4a,c:\Users\27550\Desktop\code\git\linux_cmds-sh\py\music_rename\origin\Sona_ソナ-Guiano_-_花_(feat_花谱).m4a,Sona_ソナ-feat_花谱-Guiano_-_花.m4a,c:\Users\27550\Desktop\code\git\linux_cmds-sh\py\music_rename\generate\Sona_ソナ-feat_花谱-Guiano_-_花.m4a,2026-03-16 10:58:28,花-花谱-Guiano_feat_Sona.m4a|花-花谱-Guiano_feat_ソナ.m4a|花-花谱-Guiano_feat_Sona_ソナ.m4a
Yuki_可依-_狂谬即美丽，惊艳到让你起鸡皮疙瘩！.m4a,c:\Users\27550\Desktop\code\git\linux_cmds-sh\py\music_rename\origin\Yuki_可依-_狂谬即美丽，惊艳到让你起鸡皮疙瘩！.m4a,狂谬即美丽-Yuki_可依.m4a,c:\Users\27550\Desktop\code\git\linux_cmds-sh\py\music_rename\generate\狂谬即美丽-Yuki_可依.m4a,2026-03-16 10:58:37,狂谬即美丽-Yuki_可依-惊艳版.m4a|狂谬即美丽-Yuki_可依.m4a|狂谬即美丽-Yuki_可依-惊艳到起鸡皮疙瘩.m4a
あむぬeru-p_s___／_ナースロボ_タイプT.m4a,c:\Users\27550\Desktop\code\git\linux_cmds-sh\py\music_rename\origin\あむぬeru-p_s___／_ナースロボ_タイプT.m4a,ナースロボ_タイプT-あむぬeru-p.m4a,c:\Users\27550\Desktop\code\git\linux_cmds-sh\py\music_rename\generate\ナースロボ_タイプT-あむぬeru-p.m4a,2026-03-16 10:59:16,ナースロボ_タイプT-あむぬeru-p_s___-BGM.m4a|ナースロボ_タイプT-あむぬeru-p_s___-ゲーム音楽.m4a|ナースロボ_タイプT-あむぬeru-p_s___-インストゥルメンタル.m4a
くらめ-【C80】雪月_-_ise_rala.m4a,c:\Users\27550\Desktop\code\git\linux_cmds-sh\py\music_rename\origin\くらめ-【C80】雪月_-_ise_rala.m4a,雪月-くらめ-ise_rala.m4a,c:\Users\27550\Desktop\code\git\linux_cmds-sh\py\music_rename\generate\雪月-くらめ-ise_rala.m4a,2026-03-16 10:59:26,雪月-くらめ-C80.m4a|ise_rala-くらめ-雪月.m4a|雪月-くらめ-ise_rala.m4a
とあ-【正式】【とあ】拼凑的断音【初音ミク】.m4a,c:\Users\27550\Desktop\code\git\linux_cmds-sh\py\music_rename\origin\とあ-【正式】【とあ】拼凑的断音【初音ミク】.m4a,拼凑的断音-とあ-初音ミク.m4a,c:\Users\27550\Desktop\code\git\linux_cmds-sh\py\music_rename\generate\拼凑的断音-とあ-初音ミク.m4a,2026-03-16 10:59:34,拼凑的断音-とあ-初音ミク.m4a|拼凑的断音-とあ-正式版.m4a|とあ-拼凑的断音-初音ミク.m4a
一只爱听歌的梨-【Hi-Res无损】五音Jw《明月天涯》.m4a,c:\Users\27550\Desktop\code\git\linux_cmds-sh\py\music_rename\origin\一只爱听歌的梨-【Hi-Res无损】五音Jw《明月天涯》.m4a,明月天涯-五音Jw-HiRes.m4a,c:\Users\27550\Desktop\code\git\linux_cmds-sh\py\music_rename\generate\明月天涯-五音Jw-HiRes.m4a,2026-03-16 10:59:42,明月天涯-五音Jw-HiRes.m4a|明月天涯-五音Jw-无损.m4a|明月天涯-五音Jw.m4a
一只爱听歌的梨-【Hi-Res无损】平生不晚《难却》百听.m4a,c:\Users\27550\Desktop\code\git\linux_cmds-sh\py\music_rename\origin\一只爱听歌的梨-【Hi-Res无损】平生不晚《难却》百听.m4a,难却-平生不晚-HiRes.m4a,c:\Users\27550\Desktop\code\git\linux_cmds-sh\py\music_rename\generate\难却-平生不晚-HiRes.m4a,2026-03-16 10:59:49,难却-平生不晚-HiRes.m4a|难却-平生不晚-无损.m4a|难却-平生不晚.m4a
一只爱听歌的梨-【Hi-Res无损】花粥_王胜娚《出山》.m4a,c:\Users\27550\Desktop\code\git\linux_cmds-sh\py\music_rename\origin\一只爱听歌的梨-【Hi-Res无损】花粥_王胜娚《出山》.m4a,出山-花粥&王胜娚-HiRes无损.m4a,c:\Users\27550\Desktop\code\git\linux_cmds-sh\py\music_rename\generate\出山-花粥&王胜娚-HiRes无损.m4a,2026-03-16 11:00:01,出山-花粥_王胜娚-HiRes.m4a|出山-花粥_王胜娚-无损.m4a|出山-花粥&王胜娚-HiRes无损.m4a
一只爱听歌的梨-【Hi-Res无损】花粥、马雨阳《盗将行.m4a,c:\Users\27550\Desktop\code\git\linux_cmds-sh\py\music_rename\origin\一只爱听歌的梨-【Hi-Res无损】花粥、马雨阳《盗将行.m4a,盗将行-花粥、马雨阳-HiRes.m4a,c:\Users\27550\Desktop\code\git\linux_cmds-sh\py\music_rename\generate\盗将行-花粥、马雨阳-HiRes.m4a,2026-03-16 11:00:09,盗将行-花粥、马雨阳-HiRes.m4a|盗将行-花粥、马雨阳-无损.m4a|盗将行-花粥、马雨阳.m4a
一只爱听歌的梨-【无损音质】一只白羊《赐我》「赐我一场相.m4a,c:\Users\27550\Desktop\code\git\linux_cmds-sh\py\music_rename\origin\一只爱听歌的梨-【无损音质】一只白羊《赐我》「赐我一场相.m4a,赐我-一只白羊.m4a,c:\Users\27550\Desktop\code\git\linux_cmds-sh\py\music_rename\generate\赐我-一只白羊.m4a,2026-03-16 11:00:17,赐我-一只白羊-无损音质.m4a|赐我-一只白羊.m4a|一只白羊-赐我-无损音质.m4a
一只肥奶丸鸭-【■塔·铁墓】演唱的《Sis_puell.m4a,c:\Users\27550\Desktop\code\git\linux_cmds-sh\py\music_rename\origin\一只肥奶丸鸭-【■塔·铁墓】演唱的《Sis_puell.m4a,Sis_puella_magica!-一只肥奶丸鸭-【■塔·铁墓】演唱.m4a,c:\Users\27550\Desktop\code\git\linux_cmds-sh\py\music_rename\generate\Sis_puella_magica!-一只肥奶丸鸭-【■塔·铁墓】演唱.m4a,2026-03-16 11:00:29,Sis_puella_magica!-一只肥奶丸鸭-【■塔·铁墓】演唱.m4a|Sis_puella_magica!-一只肥奶丸鸭-塔铁墓翻唱.m4a|Sis_puella_magica!-一只肥奶丸鸭-塔铁墓版本.m4a
一颗狼星-许篮心-《海市蜃楼》官方女版！这个特别的声音我不.m4a,c:\Users\27550\Desktop\code\git\linux_cmds-sh\py\music_rename\origin\一颗狼星-许篮心-《海市蜃楼》官方女版！这个特别的声音我不.m4a,海市蜃楼-许篮心-一颗狼星女声版.m4a,c:\Users\27550\Desktop\code\git\linux_cmds-sh\py\music_rename\generate\海市蜃楼-许篮心-一颗狼星女声版.m4a,2026-03-16 11:00:43,海市蜃楼-一颗狼星-许篮心官方女版.m4a|海市蜃楼-许篮心-一颗狼星女声版.m4a|海市蜃楼-一颗狼星-许篮心演唱.m4a
不会魔法的小妖怪-【奇幻森林小木屋音乐】Erutan的单曲.m4a,c:\Users\27550\Desktop\code\git\linux_cmds-sh\py\music_rename\origin\不会魔法的小妖怪-【奇幻森林小木屋音乐】Erutan的单曲.m4a,不会魔法的小妖怪-Erutan-奇幻森林小木屋音乐.m4a,c:\Users\27550\Desktop\code\git\linux_cmds-sh\py\music_rename\generate\不会魔法的小妖怪-Erutan-奇幻森林小木屋音乐.m4a,2026-03-16 11:00:53,不会魔法的小妖怪-Erutan-奇幻森林小木屋音乐.m4a|不会魔法的小妖怪-Erutan-单曲.m4a|不会魔法的小妖怪-Erutan.m4a
东洋雪莲-“俺は東京レ、東京洛陽レ”日语填词《5.m4a,c:\Users\27550\Desktop\code\git\linux_cmds-sh\py\music_rename\origin\东洋雪莲-“俺は東京レ、東京洛陽レ”日语填词《5.m4a,东洋雪莲-俺は東京レ、東京洛陽レ-日语填词.m4a,c:\Users\27550\Desktop\code\git\linux_cmds-sh\py\music_rename\generate\东洋雪莲-俺は東京レ、東京洛陽レ-日语填词.m4a,2026-03-16 11:01:06,东洋雪莲-俺は東京レ、東京洛陽レ-日语填词.m4a|东洋雪莲-俺は東京レ、東京洛陽レ-日语填词版.m4a|东洋雪莲-俺は東京レ、東京洛陽レ-日语填词《5》.m4a
东洋雪莲-“東京の天気いつも雨降り”打火机_片段日.m4a,c:\Users\27550\Desktop\code\git\linux_cmds-sh\py\music_rename\origin\东洋雪莲-“東京の天気いつも雨降り”打火机_片段日.m4a,東京の天気いつも雨降り-东洋雪莲-打火机片段.m4a,c:\Users\27550\Desktop\code\git\linux_cmds-sh\py\music_rename\generate\東京の天気いつも雨降り-东洋雪莲-打火机片段.m4a,2026-03-16 11:01:15,東京の天気いつも雨降り-东洋雪莲-打火机片段.m4a|東京の天気いつも雨降り-东洋雪莲-片段.m4a|東京の天気いつも雨降り-东洋雪莲-打火机版.m4a
东洋雪莲-日语填词“神様教えて、僕は一体誰？”.m4a,c:\Users\27550\Desktop\code\git\linux_cmds-sh\py\music_rename\origin\东洋雪莲-日语填词“神様教えて、僕は一体誰？”.m4a,神様教えて、僕は一体誰？-东洋雪莲-日语填词.m4a,c:\Users\27550\Desktop\code\git\linux_cmds-sh\py\music_rename\generate\神様教えて、僕は一体誰？-东洋雪莲-日语填词.m4a,2026-03-16 11:01:24,神様教えて、僕は一体誰？-东洋雪莲-日语填词.m4a|神様教えて、僕は一体誰？-东洋雪莲-日语翻唱.m4a|神様教えて、僕は一体誰？-东洋雪莲-日语填词版.m4a
云端音乐铺-“满是回忆的一首歌~”—《Take_Me.m4a,c:\Users\27550\Desktop\code\git\linux_cmds-sh\py\music_rename\origin\云端音乐铺-“满是回忆的一首歌~”—《Take_Me.m4a,Take Me-云端音乐铺-满是回忆的一首歌.m4a,c:\Users\27550\Desktop\code\git\linux_cmds-sh\py\music_rename\generate\Take Me-云端音乐铺-满是回忆的一首歌.m4a,2026-03-16 11:01:35,Take Me-云端音乐铺-满是回忆的一首歌.m4a|Take Me-云端音乐铺-回忆歌曲.m4a|Take Me-云端音乐铺-经典回忆.m4a
云端音乐铺-《Flower_Dance》“花之舞永远.m4a,c:\Users\27550\Desktop\code\git\linux_cmds-sh\py\music_rename\origin\云端音乐铺-《Flower_Dance》“花之舞永远.m4a,Flower_Dance-云端音乐铺-花之舞.m4a,c:\Users\27550\Desktop\code\git\linux_cmds-sh\py\music_rename\generate\Flower_Dance-云端音乐铺-花之舞.m4a,2026-03-16 11:01:42,Flower_Dance-云端音乐铺-花之舞.m4a|花之舞-云端音乐铺-Flower_Dance.m4a|Flower_Dance-云端音乐铺-永远.m4a
冰城音乐馆-新冢旧骨葬头七，宿醉朦胧故人归_#典狱司.m4a,c:\Users\27550\Desktop\code\git\linux_cmds-sh\py\music_rename\origin\冰城音乐馆-新冢旧骨葬头七，宿醉朦胧故人归_#典狱司.m4a,典狱司-冰城音乐馆-新冢旧骨葬头七，宿醉朦胧故人归.m4a,c:\Users\27550\Desktop\code\git\linux_cmds-sh\py\music_rename\generate\典狱司-冰城音乐馆-新冢旧骨葬头七，宿醉朦胧故人归.m4a,2026-03-16 11:01:51,典狱司-冰城音乐馆-新冢旧骨葬头七，宿醉朦胧故人归.m4a|典狱司-冰城音乐馆-头七故人归.m4a|典狱司-冰城音乐馆.m4a
凑诗-【凑诗】下弦之月（原唱：96猫）【中文填.m4a,c:\Users\27550\Desktop\code\git\linux_cmds-sh\py\music_rename\origin\凑诗-【凑诗】下弦之月（原唱：96猫）【中文填.m4a,下弦之月-凑诗-原唱96猫.m4a,c:\Users\27550\Desktop\code\git\linux_cmds-sh\py\music_rename\generate\下弦之月-凑诗-原唱96猫.m4a,2026-03-16 11:02:03,下弦之月-凑诗-中文填词.m4a|下弦之月-凑诗-原唱96猫.m4a|下弦之月-凑诗-中文填词版.m4a
勝慧利他-黄诗扶_-_山鬼【歌词字幕___完整版高.m4a,c:\Users\27550\Desktop\code\git\linux_cmds-sh\py\music_rename\origin\勝慧利他-黄诗扶_-_山鬼【歌词字幕___完整版高.m4a,山鬼-黄诗扶-完整版.m4a,c:\Users\27550\Desktop\code\git\linux_cmds-sh\py\music_rename\generate\山鬼-黄诗扶-完整版.m4a,2026-03-16 11:02:12,山鬼-黄诗扶-完整版.m4a|山鬼-黄诗扶-歌词字幕版.m4a|勝慧利他-黄诗扶-山鬼完整版.m4a
包包sama啊-_几载风雪卷刃_朔风同孤昼__曼波の关山.m4a,c:\Users\27550\Desktop\code\git\linux_cmds-sh\py\music_rename\origin\包包sama啊-_几载风雪卷刃_朔风同孤昼__曼波の关山.m4a,几载风雪卷刃-包包sama-曼波の关山.m4a,c:\Users\27550\Desktop\code\git\linux_cmds-sh\py\music_rename\generate\几载风雪卷刃-包包sama-曼波の关山.m4a,2026-03-16 11:02:22,几载风雪卷刃-包包sama-朔风同孤昼.m4a|几载风雪卷刃-包包sama-曼波の关山.m4a|几载风雪卷刃-包包sama-曼波关山.m4a
北部Kitasan_-俄语民谣：『белая_кошка』.m4a,c:\Users\27550\Desktop\code\git\linux_cmds-sh\py\music_rename\origin\北部Kitasan_-俄语民谣：『белая_кошка』.m4a,белая_кошка-北部Kitasan-俄语民谣.m4a,c:\Users\27550\Desktop\code\git\linux_cmds-sh\py\music_rename\generate\белая_кошка-北部Kitasan-俄语民谣.m4a,2026-03-16 11:02:29,белая_кошка-北部Kitasan-俄语民谣.m4a|белая_кошка-北部Kitasan-民谣.m4a|белая_кошка-北部Kitasan.m4a
南北づ-Eternal-【云堇】回马枪——曲高未必人不识，自有知.m4a,c:\Users\27550\Desktop\code\git\linux_cmds-sh\py\music_rename\origin\南北づ-Eternal-【云堇】回马枪——曲高未必人不识，自有知.m4a,回马枪-云堇-南北づ-Eternal.m4a,c:\Users\27550\Desktop\code\git\linux_cmds-sh\py\music_rename\generate\回马枪-云堇-南北づ-Eternal.m4a,2026-03-16 11:02:37,回马枪-云堇-南北づ-Eternal.m4a|回马枪-云堇-南北づ.m4a|回马枪-云堇-原神角色曲.m4a
卡米莉娅睡不醒ovo-俄语翻唱丨『_尾巴是她被撕碎的衣裙』俄式.m4a,c:\Users\27550\Desktop\code\git\linux_cmds-sh\py\music_rename\origin\卡米莉娅睡不醒ovo-俄语翻唱丨『_尾巴是她被撕碎的衣裙』俄式.m4a,尾巴是她被撕碎的衣裙-卡米莉娅睡不醒ovo-俄语翻唱.m4a,c:\Users\27550\Desktop\code\git\linux_cmds-sh\py\music_rename\generate\尾巴是她被撕碎的衣裙-卡米莉娅睡不醒ovo-俄语翻唱.m4a,2026-03-16 11:02:47,尾巴是她被撕碎的衣裙-卡米莉娅睡不醒ovo-俄语翻唱.m4a|尾巴是她被撕碎的衣裙-卡米莉娅睡不醒ovo-俄语版.m4a|尾巴是她被撕碎的衣裙-卡米莉娅睡不醒ovo-俄语翻唱版.m4a
吾爱久-歌曲《寄》-完整版.m4a,c:\Users\27550\Desktop\code\git\linux_cmds-sh\py\music_rename\origin\吾爱久-歌曲《寄》-完整版.m4a,寄-吾爱久-完整版.m4a,c:\Users\27550\Desktop\code\git\linux_cmds-sh\py\music_rename\generate\寄-吾爱久-完整版.m4a,2026-03-16 11:02:54,寄-吾爱久-完整版.m4a|寄-吾爱久.m4a|寄-吾爱久-完整.m4a
咩栗-【双女】“不过是上山的人，怎么嘲笑下山的.m4a,c:\Users\27550\Desktop\code\git\linux_cmds-sh\py\music_rename\origin\咩栗-【双女】“不过是上山的人，怎么嘲笑下山的.m4a,不过是上山的人，怎么嘲笑下山的-咩栗-双女合唱.m4a,c:\Users\27550\Desktop\code\git\linux_cmds-sh\py\music_rename\generate\不过是上山的人，怎么嘲笑下山的-咩栗-双女合唱.m4a,2026-03-16 11:03:03,不过是上山的人，怎么嘲笑下山的-咩栗-双女合唱.m4a|不过是上山的人，怎么嘲笑下山的-咩栗-双女.m4a|上山的人嘲笑下山的人-咩栗-双女合唱版.m4a
嘉然今天吃什么-【翻唱】《猫中毒》完整版PV_嘉然.m4a,c:\Users\27550\Desktop\code\git\linux_cmds-sh\py\music_rename\origin\嘉然今天吃什么-【翻唱】《猫中毒》完整版PV_嘉然.m4a,猫中毒-嘉然-翻唱完整版.m4a,c:\Users\27550\Desktop\code\git\linux_cmds-sh\py\music_rename\generate\猫中毒-嘉然-翻唱完整版.m4a,2026-03-16 11:03:11,猫中毒-嘉然-翻唱完整版.m4a|猫中毒-嘉然-完整版PV翻唱.m4a|猫中毒-嘉然-翻唱PV版.m4a
在虚无中永存-音乐企划《落花影像》主题曲——「星辰与列.m4a,c:\Users\27550\Desktop\code\git\linux_cmds-sh\py\music_rename\origin\在虚无中永存-音乐企划《落花影像》主题曲——「星辰与列.m4a,在虚无中永存-落花影像-主题曲.m4a,c:\Users\27550\Desktop\code\git\linux_cmds-sh\py\music_rename\generate\在虚无中永存-落花影像-主题曲.m4a,2026-03-16 11:03:23,在虚无中永存-音乐企划《落花影像》主题曲-星辰与列.m4a|星辰与列-音乐企划《落花影像》-主题曲.m4a|在虚无中永存-落花影像-主题曲.m4a
夏日幻听-【插曲】鬼灭之刃_第19话_结尾曲完整版.m4a,c:\Users\27550\Desktop\code\git\linux_cmds-sh\py\music_rename\origin\夏日幻听-【插曲】鬼灭之刃_第19话_结尾曲完整版.m4a,夏日幻听-鬼灭之刃-第19话结尾曲.m4a,c:\Users\27550\Desktop\code\git\linux_cmds-sh\py\music_rename\generate\夏日幻听-鬼灭之刃-第19话结尾曲.m4a,2026-03-16 11:03:34,夏日幻听-鬼灭之刃-第19话结尾曲.m4a|夏日幻听-鬼灭之刃-插曲完整版.m4a|夏日幻听-鬼灭之刃-第19话完整版.m4a
夏日幻听MCE-【完整版_附歌词_插曲MV】哭泣少女乐队.m4a,c:\Users\27550\Desktop\code\git\linux_cmds-sh\py\music_rename\origin\夏日幻听MCE-【完整版_附歌词_插曲MV】哭泣少女乐队.m4a,夏日幻听-哭泣少女乐队-完整版.m4a,c:\Users\27550\Desktop\code\git\linux_cmds-sh\py\music_rename\generate\夏日幻听-哭泣少女乐队-完整版.m4a,2026-03-16 11:03:43,夏日幻听-哭泣少女乐队-完整版.m4a|夏日幻听-哭泣少女乐队-附歌词.m4a|夏日幻听-哭泣少女乐队-插曲MV.m4a
大杨_Jens-君の知らない物語（你不知道的故事）-Su.m4a,c:\Users\27550\Desktop\code\git\linux_cmds-sh\py\music_rename\origin\大杨_Jens-君の知らない物語（你不知道的故事）-Su.m4a,君の知らない物語-Jens-大杨.m4a,c:\Users\27550\Desktop\code\git\linux_cmds-sh\py\music_rename\generate\君の知らない物語-Jens-大杨.m4a,2026-03-16 11:03:51,君の知らない物語-Jens-大杨.m4a|君の知らない物語-Jens-Su.m4a|你不知道的故事-Jens-大杨.m4a
姆QB-【洛天依原创】忆红莲.m4a,c:\Users\27550\Desktop\code\git\linux_cmds-sh\py\music_rename\origin\姆QB-【洛天依原创】忆红莲.m4a,忆红莲-洛天依-姆QB.m4a,c:\Users\27550\Desktop\code\git\linux_cmds-sh\py\music_rename\generate\忆红莲-洛天依-姆QB.m4a,2026-03-16 11:04:14,忆红莲-洛天依-原创.m4a|忆红莲-洛天依-原创歌曲.m4a|忆红莲-洛天依.m4a
封茗囧菌-【囧菌+双笙】霜雪千年.m4a,c:\Users\27550\Desktop\code\git\linux_cmds-sh\py\music_rename\origin\封茗囧菌-【囧菌+双笙】霜雪千年.m4a,霜雪千年-封茗囧菌-双笙合唱.m4a,c:\Users\27550\Desktop\code\git\linux_cmds-sh\py\music_rename\generate\霜雪千年-封茗囧菌-双笙合唱.m4a,2026-03-16 11:04:32,霜雪千年-封茗囧菌-双笙合唱.m4a|霜雪千年-封茗囧菌-双笙合作.m4a|霜雪千年-封茗囧菌-囧菌双笙合唱.m4a
封茗囧菌-【封茗囧菌】安娜的橱窗（半木生）.m4a,c:\Users\27550\Desktop\code\git\linux_cmds-sh\py\music_rename\origin\封茗囧菌-【封茗囧菌】安娜的橱窗（半木生）.m4a,安娜的橱窗-封茗囧菌-半木生.m4a,c:\Users\27550\Desktop\code\git\linux_cmds-sh\py\music_rename\generate\安娜的橱窗-封茗囧菌-半木生.m4a,2026-03-16 11:04:40,安娜的橱窗-封茗囧菌-半木生.m4a|安娜的橱窗-封茗囧菌-翻唱.m4a|安娜的橱窗-封茗囧菌.m4a
崩坏3第一偶像爱酱-「Moon_Halo」——《崩坏3》印象.m4a,c:\Users\27550\Desktop\code\git\linux_cmds-sh\py\music_rename\origin\崩坏3第一偶像爱酱-「Moon_Halo」——《崩坏3》印象.m4a,Moon_Halo-崩坏3第一偶像爱酱-崩坏3印象曲.m4a,c:\Users\27550\Desktop\code\git\linux_cmds-sh\py\music_rename\generate\Moon_Halo-崩坏3第一偶像爱酱-崩坏3印象曲.m4a,2026-03-16 11:04:48,Moon_Halo-崩坏3第一偶像爱酱-崩坏3印象曲.m4a|Moon_Halo-爱酱-崩坏3印象曲.m4a|Moon_Halo-崩坏3第一偶像爱酱-印象曲.m4a
异世界情绪-【异世界情绪】#10《シリウスの心臓_天.m4a,c:\Users\27550\Desktop\code\git\linux_cmds-sh\py\music_rename\origin\异世界情绪-【异世界情绪】#10《シリウスの心臓_天.m4a,天狼星的心脏-异世界情绪-シリウスの心臓.m4a,c:\Users\27550\Desktop\code\git\linux_cmds-sh\py\music_rename\generate\天狼星的心脏-异世界情绪-シリウスの心臓.m4a,2026-03-16 11:05:43,异世界情绪-异世界情绪-シリウスの心臓.m4a|シリウスの心臓-异世界情绪-第10集.m4a|天-异世界情绪-シリウスの心臓.m4a
异世界情绪-【异世界情绪】#14_《ヰ世界の宝石譚.m4a,c:\Users\27550\Desktop\code\git\linux_cmds-sh\py\music_rename\origin\异世界情绪-【异世界情绪】#14_《ヰ世界の宝石譚.m4a,ヰ世界の宝石譚-异世界情绪-第14期.m4a,c:\Users\27550\Desktop\code\git\linux_cmds-sh\py\music_rename\generate\ヰ世界の宝石譚-异世界情绪-第14期.m4a,2026-03-16 11:05:52,异世界情绪-异世界情绪-第14期.m4a|ヰ世界の宝石譚-异世界情绪-第14期.m4a|异世界情绪-异世界情绪-第14期_ヰ世界の宝石譚.m4a
心然yoyo-【仙4十周年】08版千年缘-菱纱&梦璃版.m4a,c:\Users\27550\Desktop\code\git\linux_cmds-sh\py\music_rename\origin\心然yoyo-【仙4十周年】08版千年缘-菱纱&梦璃版.m4a,千年缘-心然-仙4十周年菱纱梦璃版.m4a,c:\Users\27550\Desktop\code\git\linux_cmds-sh\py\music_rename\generate\千年缘-心然-仙4十周年菱纱梦璃版.m4a,2026-03-16 11:06:01,千年缘-心然-仙4十周年菱纱梦璃版.m4a|千年缘-心然-仙剑奇侠传四纪念版.m4a|千年缘-心然-08版菱纱梦璃合唱.m4a
心然yoyo-青城山下白素贞～总觉得这歌和端午一同食用.m4a,c:\Users\27550\Desktop\code\git\linux_cmds-sh\py\music_rename\origin\心然yoyo-青城山下白素贞～总觉得这歌和端午一同食用.m4a,青城山下白素贞-心然yoyo-端午相关.m4a,c:\Users\27550\Desktop\code\git\linux_cmds-sh\py\music_rename\generate\青城山下白素贞-心然yoyo-端午相关.m4a,2026-03-16 11:06:11,青城山下白素贞-心然yoyo-端午相关.m4a|青城山下白素贞-心然yoyo-端午主题.m4a|青城山下白素贞-心然yoyo-端午歌曲.m4a
忘川风华录-【特约龚琳娜】千秋梦【忘川风华录】公测主.m4a,c:\Users\27550\Desktop\code\git\linux_cmds-sh\py\music_rename\origin\忘川风华录-【特约龚琳娜】千秋梦【忘川风华录】公测主.m4a,千秋梦-龚琳娜-忘川风华录主.m4a,c:\Users\27550\Desktop\code\git\linux_cmds-sh\py\music_rename\generate\千秋梦-龚琳娜-忘川风华录主.m4a,2026-03-16 11:06:22,千秋梦-龚琳娜-忘川风华录公测主题曲.m4a|千秋梦-龚琳娜-忘川风华录特约演唱.m4a|千秋梦-龚琳娜-忘川风华录主.m4a
快看-震撼！周深一人分饰四角唱四大名著主题曲.m4a,c:\Users\27550\Desktop\code\git\linux_cmds-sh\py\music_rename\origin\快看-震撼！周深一人分饰四角唱四大名著主题曲.m4a,四大名著-周深-一人饰四角.m4a,c:\Users\27550\Desktop\code\git\linux_cmds-sh\py\music_rename\generate\四大名著-周深-一人饰四角.m4a,2026-03-16 11:06:48,四大名著主题曲串烧-周深-一人分饰四角.m4a|四大名著主题曲-周深-一人分饰四角串烧.m4a|周深-四大名著主题曲串烧-一人分饰四角.m4a
战双帕弥什-【战双帕弥什×彩虹合唱】法奥斯学院毕业曲.m4a,c:\Users\27550\Desktop\code\git\linux_cmds-sh\py\music_rename\origin\战双帕弥什-【战双帕弥什×彩虹合唱】法奥斯学院毕业曲.m4a,法奥斯学院毕业曲-彩虹合唱团-战双帕弥什合作曲.m4a,c:\Users\27550\Desktop\code\git\linux_cmds-sh\py\music_rename\generate\法奥斯学院毕业曲-彩虹合唱团-战双帕弥什合作曲.m4a,2026-03-16 11:06:58,法奥斯学院毕业曲-彩虹合唱-战双帕弥什联动.m4a|法奥斯学院毕业曲-彩虹合唱团-战双帕弥什合作曲.m4a|法奥斯学院毕业曲-上海彩虹室内合唱团-战双帕弥什联动单曲.m4a
无聊到底-现在唱《仙剑问情》还有人会听吗？.m4a,c:\Users\27550\Desktop\code\git\linux_cmds-sh\py\music_rename\origin\无聊到底-现在唱《仙剑问情》还有人会听吗？.m4a,仙剑问情-无聊到底-翻唱.m4a,c:\Users\27550\Desktop\code\git\linux_cmds-sh\py\music_rename\generate\仙剑问情-无聊到底-翻唱.m4a,2026-03-16 11:07:05,仙剑问情-无聊到底-翻唱.m4a|仙剑问情-无聊到底-音乐分享.m4a|仙剑问情-无聊到底-网友提问.m4a
明日方舟-《明日方舟》EP_-_Little_Wi.m4a,c:\Users\27550\Desktop\code\git\linux_cmds-sh\py\music_rename\origin\明日方舟-《明日方舟》EP_-_Little_Wi.m4a,Little_Wi-明日方舟-EP单曲.m4a,c:\Users\27550\Desktop\code\git\linux_cmds-sh\py\music_rename\generate\Little_Wi-明日方舟-EP单曲.m4a,2026-03-16 11:07:16,Little_Wi-明日方舟-《明日方舟》EP.m4a|Little_Wi-明日方舟-游戏原声.m4a|Little_Wi-明日方舟-EP单曲.m4a
明日方舟-《明日方舟》EP_-_Mystic_Li.m4a,c:\Users\27550\Desktop\code\git\linux_cmds-sh\py\music_rename\origin\明日方舟-《明日方舟》EP_-_Mystic_Li.m4a,Mystic Li-明日方舟-EP.m4a,c:\Users\27550\Desktop\code\git\linux_cmds-sh\py\music_rename\generate\Mystic Li-明日方舟-EP.m4a,2026-03-16 11:07:26,明日方舟-Mystic Li-EP.m4a|Mystic Li-明日方舟-EP.m4a|明日方舟EP-Mystic Li.m4a
明日方舟-《明日方舟》EP_-_浸春芜.m4a,c:\Users\27550\Desktop\code\git\linux_cmds-sh\py\music_rename\origin\明日方舟-《明日方舟》EP_-_浸春芜.m4a,浸春芜-明日方舟-EP单曲.m4a,c:\Users\27550\Desktop\code\git\linux_cmds-sh\py\music_rename\generate\浸春芜-明日方舟-EP单曲.m4a,2026-03-16 11:07:35,浸春芜-明日方舟-《明日方舟》EP.m4a|浸春芜-明日方舟-游戏原声.m4a|浸春芜-明日方舟-EP单曲.m4a
明石缪-【明石缪】翻唱歌曲「死别」.m4a,c:\Users\27550\Desktop\code\git\linux_cmds-sh\py\music_rename\origin\明石缪-【明石缪】翻唱歌曲「死别」.m4a,死别-明石缪-翻唱.m4a,c:\Users\27550\Desktop\code\git\linux_cmds-sh\py\music_rename\generate\死别-明石缪-翻唱.m4a,2026-03-16 11:07:43,死别-明石缪-翻唱歌曲.m4a|死别-明石缪-明石缪翻唱.m4a|死别-明石缪-翻唱.m4a
星光note-“居然还有这么可爱这么萌的英文歌！”.m4a,c:\Users\27550\Desktop\code\git\linux_cmds-sh\py\music_rename\origin\星光note-“居然还有这么可爱这么萌的英文歌！”.m4a,星光-萌系英文歌.m4a,c:\Users\27550\Desktop\code\git\linux_cmds-sh\py\music_rename\generate\星光-萌系英文歌.m4a,2026-03-16 11:08:04,星光 - 未知 - 可爱萌系英文歌.m4a|星光 - 未知 - 可爱萌英文歌曲.m4a|星光 - 未知 - 萌系英文歌.m4a
星粥Kayuu-砍下你的头颅，然后永远爱我吧.m4a,c:\Users\27550\Desktop\code\git\linux_cmds-sh\py\music_rename\origin\星粥Kayuu-砍下你的头颅，然后永远爱我吧.m4a,砍下你的头颅，然后永远爱我吧-星粥Kayuu-单曲.m4a,c:\Users\27550\Desktop\code\git\linux_cmds-sh\py\music_rename\generate\砍下你的头颅，然后永远爱我吧-星粥Kayuu-单曲.m4a,2026-03-16 11:08:15,砍下你的头颅，然后永远爱我吧-星粥Kayuu.m4a|砍下你的头颅，然后永远爱我吧-星粥Kayuu-单曲.m4a|砍下你的头颅，然后永远爱我吧-星粥Kayuu-原创.m4a
春空千鶴-日本和乐的《千本樱》义经版MV（汉日双语.m4a,c:\Users\27550\Desktop\code\git\linux_cmds-sh\py\music_rename\origin\春空千鶴-日本和乐的《千本樱》义经版MV（汉日双语.m4a,千本樱-春空千鶴-义经版MV.m4a,c:\Users\27550\Desktop\code\git\linux_cmds-sh\py\music_rename\generate\千本樱-春空千鶴-义经版MV.m4a,2026-03-16 11:08:23,千本樱-春空千鶴-义经版MV.m4a|千本樱-春空千鶴-汉日双语MV.m4a|千本樱-春空千鶴-日本和乐义经版.m4a
朋鹏爱音乐-崔子格最火歌曲《卜卦》当年火遍大江南北，.m4a,c:\Users\27550\Desktop\code\git\linux_cmds-sh\py\music_rename\origin\朋鹏爱音乐-崔子格最火歌曲《卜卦》当年火遍大江南北，.m4a,卜卦-崔子格-最火歌曲.m4a,c:\Users\27550\Desktop\code\git\linux_cmds-sh\py\music_rename\generate\卜卦-崔子格-最火歌曲.m4a,2026-03-16 11:08:35,卜卦-崔子格-最火歌曲.m4a|卜卦-崔子格-火遍大江南北.m4a|卜卦-崔子格-朋鹏爱音乐推荐.m4a
李玉刚-【李玉刚自投稿】你们要的《赤伶》剧情版M.m4a,c:\Users\27550\Desktop\code\git\linux_cmds-sh\py\music_rename\origin\李玉刚-【李玉刚自投稿】你们要的《赤伶》剧情版M.m4a,赤伶-李玉刚-剧情版.m4a,c:\Users\27550\Desktop\code\git\linux_cmds-sh\py\music_rename\generate\赤伶-李玉刚-剧情版.m4a,2026-03-16 11:08:44,赤伶-李玉刚-剧情版.m4a|赤伶-李玉刚-自投稿剧情版.m4a|赤伶-李玉刚-剧情版M4A音频.m4a
来自天境的雅特丽希诺-【Hi-Res无损】【ENDER_LIL.m4a,c:\Users\27550\Desktop\code\git\linux_cmds-sh\py\music_rename\origin\来自天境的雅特丽希诺-【Hi-Res无损】【ENDER_LIL.m4a,来自天境的雅特丽希诺-ENDER_LIL-HiRes.m4a,c:\Users\27550\Desktop\code\git\linux_cmds-sh\py\music_rename\generate\来自天境的雅特丽希诺-ENDER_LIL-HiRes.m4a,2026-03-16 11:08:54,来自天境的雅特丽希诺-ENDER_LIL-HiRes.m4a|雅特丽希诺-ENDER_LIL-来自天境.m4a|来自天境的雅特丽希诺-ENDER_LIL-无损.m4a
東雪蓮Official-主播唱歌能不能别夹了.m4a,c:\Users\27550\Desktop\code\git\linux_cmds-sh\py\music_rename\origin\東雪蓮Official-主播唱歌能不能别夹了.m4a,主播唱歌能不能别夹了-東雪蓮Official-直播片段.m4a,c:\Users\27550\Desktop\code\git\linux_cmds-sh\py\music_rename\generate\主播唱歌能不能别夹了-東雪蓮Official-直播片段.m4a,2026-03-16 11:09:01,主播唱歌能不能别夹了-東雪蓮Official-直播片段.m4a|主播唱歌能不能别夹了-東雪蓮-直播演唱.m4a|主播唱歌能不能别夹了-東雪蓮Official-翻唱.m4a
林清弄--《声声慢》！吴语的！完整的！吉他弹唱的！.m4a,c:\Users\27550\Desktop\code\git\linux_cmds-sh\py\music_rename\origin\林清弄--《声声慢》！吴语的！完整的！吉他弹唱的！.m4a,声声慢-林清弄-吴语吉他弹唱.m4a,c:\Users\27550\Desktop\code\git\linux_cmds-sh\py\music_rename\generate\声声慢-林清弄-吴语吉他弹唱.m4a,2026-03-16 11:09:09,声声慢-林清弄-吴语吉他弹唱.m4a|声声慢-林清弄-吴语完整版.m4a|声声慢-林清弄-吉他弹唱.m4a
果宝Official-俄语情歌_不爱我就去死.m4a,c:\Users\27550\Desktop\code\git\linux_cmds-sh\py\music_rename\origin\果宝Official-俄语情歌_不爱我就去死.m4a,不爱我就去死-果宝Official-俄语情歌.m4a,c:\Users\27550\Desktop\code\git\linux_cmds-sh\py\music_rename\generate\不爱我就去死-果宝Official-俄语情歌.m4a,2026-03-16 11:09:15,不爱我就去死-果宝Official-俄语情歌.m4a|俄语情歌-果宝Official-不爱我就去死.m4a|不爱我就去死-果宝Official-俄语版.m4a
柊真华Official-《发如雪》凄美了离别——女声帅气翻唱【原.m4a,c:\Users\27550\Desktop\code\git\linux_cmds-sh\py\music_rename\origin\柊真华Official-《发如雪》凄美了离别——女声帅气翻唱【原.m4a,发如雪-柊真华-女声翻唱.m4a,c:\Users\27550\Desktop\code\git\linux_cmds-sh\py\music_rename\generate\发如雪-柊真华-女声翻唱.m4a,2026-03-16 11:09:25,发如雪-柊真华-女声翻唱.m4a|发如雪-柊真华-帅气女声翻唱.m4a|发如雪-柊真华-凄美翻唱.m4a
毛球狐狸喵-Nightcore_-_貴方へ鎮魂曲を【.m4a,c:\Users\27550\Desktop\code\git\linux_cmds-sh\py\music_rename\origin\毛球狐狸喵-Nightcore_-_貴方へ鎮魂曲を【.m4a,貴方へ鎮魂曲を-毛球狐狸喵-Nightcore.m4a,c:\Users\27550\Desktop\code\git\linux_cmds-sh\py\music_rename\generate\貴方へ鎮魂曲を-毛球狐狸喵-Nightcore.m4a,2026-03-16 11:09:35,貴方へ鎮魂曲を-毛球狐狸喵-Nightcore.m4a|貴方へ鎮魂曲を-毛球狐狸喵.m4a|Nightcore-貴方へ鎮魂曲を-毛球狐狸喵.m4a
泠鸢yousa-【泠鸢·完整版】神代梦华谭.m4a,c:\Users\27550\Desktop\code\git\linux_cmds-sh\py\music_rename\origin\泠鸢yousa-【泠鸢·完整版】神代梦华谭.m4a,神代梦华谭-泠鸢yousa-完整版.m4a,c:\Users\27550\Desktop\code\git\linux_cmds-sh\py\music_rename\generate\神代梦华谭-泠鸢yousa-完整版.m4a,2026-03-16 11:09:41,神代梦华谭-泠鸢yousa-完整版.m4a|神代梦华谭-泠鸢yousa.m4a|神代梦华谭-泠鸢yousa-泠鸢完整版.m4a
泠鸢yousa-【泠鸢】本色【后期重做版】.m4a,c:\Users\27550\Desktop\code\git\linux_cmds-sh\py\music_rename\origin\泠鸢yousa-【泠鸢】本色【后期重做版】.m4a,本色-泠鸢yousa-后期重做版.m4a,c:\Users\27550\Desktop\code\git\linux_cmds-sh\py\music_rename\generate\本色-泠鸢yousa-后期重做版.m4a,2026-03-16 11:09:48,本色-泠鸢yousa-后期重做版.m4a|本色-泠鸢yousa-重制版.m4a|本色-泠鸢-后期重做版.m4a
泠鸢yousa-【泠鸢翻】酥酥麻麻的转音《小雨》原唱黄龄.m4a,c:\Users\27550\Desktop\code\git\linux_cmds-sh\py\music_rename\origin\泠鸢yousa-【泠鸢翻】酥酥麻麻的转音《小雨》原唱黄龄.m4a,小雨-泠鸢yousa-翻唱版.m4a,c:\Users\27550\Desktop\code\git\linux_cmds-sh\py\music_rename\generate\小雨-泠鸢yousa-翻唱版.m4a,2026-03-16 11:09:55,小雨-泠鸢yousa-翻唱版.m4a|小雨-泠鸢yousa-翻唱黄龄歌曲.m4a|小雨-泠鸢yousa-转音翻唱版.m4a
泠鸢yousa-【泠鸢翻唱】川味闽南语…【你啊你啊】.m4a,c:\Users\27550\Desktop\code\git\linux_cmds-sh\py\music_rename\origin\泠鸢yousa-【泠鸢翻唱】川味闽南语…【你啊你啊】.m4a,你啊你啊-泠鸢yousa-川味闽南语翻唱.m4a,c:\Users\27550\Desktop\code\git\linux_cmds-sh\py\music_rename\generate\你啊你啊-泠鸢yousa-川味闽南语翻唱.m4a,2026-03-16 11:10:04,你啊你啊-泠鸢yousa-翻唱.m4a|你啊你啊-泠鸢yousa-川味闽南语翻唱.m4a|你啊你啊-泠鸢yousa-泠鸢翻唱版.m4a
泠鸢yousa-【泠鸢翻唱】恍然梦醒，只作壁上观【原唱张.m4a,c:\Users\27550\Desktop\code\git\linux_cmds-sh\py\music_rename\origin\泠鸢yousa-【泠鸢翻唱】恍然梦醒，只作壁上观【原唱张.m4a,恍然梦醒，只作壁上观-泠鸢yousa-翻唱.m4a,c:\Users\27550\Desktop\code\git\linux_cmds-sh\py\music_rename\generate\恍然梦醒，只作壁上观-泠鸢yousa-翻唱.m4a,2026-03-16 11:10:12,恍然梦醒，只作壁上观-泠鸢yousa-翻唱.m4a|恍然梦醒，只作壁上观-泠鸢yousa-原唱张.m4a|恍然梦醒，只作壁上观-泠鸢yousa-翻唱版.m4a
泠鸢yousa-歌好听！词好密…救命闪到舌头！【泠鸢翻唱.m4a,c:\Users\27550\Desktop\code\git\linux_cmds-sh\py\music_rename\origin\泠鸢yousa-歌好听！词好密…救命闪到舌头！【泠鸢翻唱.m4a,泠鸢yousa-歌好听！词好密…救命闪到舌头！-泠鸢翻唱.m4a,c:\Users\27550\Desktop\code\git\linux_cmds-sh\py\music_rename\generate\泠鸢yousa-歌好听！词好密…救命闪到舌头！-泠鸢翻唱.m4a,2026-03-16 11:10:26,泠鸢yousa-歌好听！词好密…救命闪到舌头！-泠鸢翻唱.m4a|泠鸢yousa-歌好听！词好密…救命闪到舌头！-翻唱版.m4a|泠鸢yousa-歌好听！词好密…救命闪到舌头！-泠鸢.m4a
炙弹冰-【航天史填词】东方红的心脏【乐正绫x洛天.m4a,c:\Users\27550\Desktop\code\git\linux_cmds-sh\py\music_rename\origin\炙弹冰-【航天史填词】东方红的心脏【乐正绫x洛天.m4a,东方红的心脏-炙弹冰-航天史填词.m4a,c:\Users\27550\Desktop\code\git\linux_cmds-sh\py\music_rename\generate\东方红的心脏-炙弹冰-航天史填词.m4a,2026-03-16 11:10:34,东方红的心脏-炙弹冰-乐正绫x洛天依航天史填词.m4a|东方红的心脏-炙弹冰-航天史填词.m4a|东方红的心脏-炙弹冰-乐正绫洛天依.m4a
熊猫先生-1979-【HD无损】丸子哟-《广寒宫》｜云母屏风.m4a,c:\Users\27550\Desktop\code\git\linux_cmds-sh\py\music_rename\origin\熊猫先生-1979-【HD无损】丸子哟-《广寒宫》｜云母屏风.m4a,广寒宫-丸子哟-1979.m4a,c:\Users\27550\Desktop\code\git\linux_cmds-sh\py\music_rename\generate\广寒宫-丸子哟-1979.m4a,2026-03-16 11:10:41,广寒宫-丸子哟-1979.m4a|广寒宫-丸子哟-HD无损.m4a|广寒宫-丸子哟-熊猫先生.m4a
牙牙um-恐有街头胭脂色，柳絮沾白雪沾红.m4a,c:\Users\27550\Desktop\code\git\linux_cmds-sh\py\music_rename\origin\牙牙um-恐有街头胭脂色，柳絮沾白雪沾红.m4a,恐有街头胭脂色，柳絮沾白雪沾红-牙牙um-单曲.m4a,c:\Users\27550\Desktop\code\git\linux_cmds-sh\py\music_rename\generate\恐有街头胭脂色，柳絮沾白雪沾红-牙牙um-单曲.m4a,2026-03-16 11:10:50,恐有街头胭脂色，柳絮沾白雪沾红-牙牙um-单曲.m4a|恐有街头胭脂色-牙牙um-古风歌曲.m4a|牙牙um-恐有街头胭脂色-原创音乐.m4a
牙牙的小酒馆-【小酒馆歌单】凯尔特_吟游诗人_幻想风格.m4a,c:\Users\27550\Desktop\code\git\linux_cmds-sh\py\music_rename\origin\牙牙的小酒馆-【小酒馆歌单】凯尔特_吟游诗人_幻想风格.m4a,凯尔特吟游诗人幻想风格-牙牙的小酒馆-小酒馆歌单.m4a,c:\Users\27550\Desktop\code\git\linux_cmds-sh\py\music_rename\generate\凯尔特吟游诗人幻想风格-牙牙的小酒馆-小酒馆歌单.m4a,2026-03-16 11:11:00,小酒馆歌单-牙牙的小酒馆-凯尔特吟游诗人幻想风格.m4a|凯尔特吟游诗人幻想风格-牙牙的小酒馆-小酒馆歌单.m4a|小酒馆歌单-牙牙的小酒馆-凯尔特幻想风格.m4a
猫瓜西西-【崩铁_海刻海】在正义里，有回答不了的问.m4a,c:\Users\27550\Desktop\code\git\linux_cmds-sh\py\music_rename\origin\猫瓜西西-【崩铁_海刻海】在正义里，有回答不了的问.m4a,在正义里，有回答不了的问题-猫瓜西西-崩坏星穹铁道海刻海.m4a,c:\Users\27550\Desktop\code\git\linux_cmds-sh\py\music_rename\generate\在正义里，有回答不了的问题-猫瓜西西-崩坏星穹铁道海刻海.m4a,2026-03-16 11:11:14,在正义里，有回答不了的问题-猫瓜西西-崩坏星穹铁道海刻海.m4a|在正义里，有回答不了的问题-猫瓜西西-崩铁海刻海同人曲.m4a|在正义里，有回答不了的问题-猫瓜西西-崩坏星穹铁道同人音乐.m4a
白河木船-【nameless】拼湊出的斷音.m4a,c:\Users\27550\Desktop\code\git\linux_cmds-sh\py\music_rename\origin\白河木船-【nameless】拼湊出的斷音.m4a,拼湊出的斷音-白河木船-【nameless】.m4a,c:\Users\27550\Desktop\code\git\linux_cmds-sh\py\music_rename\generate\拼湊出的斷音-白河木船-【nameless】.m4a,2026-03-16 11:11:23,白河木船-拼湊出的斷音-【nameless】.m4a|拼湊出的斷音-白河木船-【nameless】.m4a|白河木船-拼湊出的斷音-无标题曲.m4a
维声素si-【中文翻唱】天天_(TIANTIAN)—.m4a,c:\Users\27550\Desktop\code\git\linux_cmds-sh\py\music_rename\origin\维声素si-【中文翻唱】天天_(TIANTIAN)—.m4a,天天(TIANTIAN)-维声素-中文翻唱.m4a,c:\Users\27550\Desktop\code\git\linux_cmds-sh\py\music_rename\generate\天天(TIANTIAN)-维声素-中文翻唱.m4a,2026-03-16 11:11:32,天天-维声素-中文翻唱.m4a|天天-维声素-翻唱版.m4a|天天(TIANTIAN)-维声素-中文翻唱.m4a
绿田地种苗-超燃混剪，《Soviet_March(苏.m4a,c:\Users\27550\Desktop\code\git\linux_cmds-sh\py\music_rename\origin\绿田地种苗-超燃混剪，《Soviet_March(苏.m4a,Soviet_March-绿田地种苗-超燃混剪.m4a,c:\Users\27550\Desktop\code\git\linux_cmds-sh\py\music_rename\generate\Soviet_March-绿田地种苗-超燃混剪.m4a,2026-03-16 11:11:40,Soviet_March-绿田地种苗-超燃混剪.m4a|Soviet_March-绿田地种苗-混剪版.m4a|Soviet_March-绿田地种苗-音乐混剪.m4a
网易云音乐-【周深】《达拉崩吧》神级现场_一开口就是.m4a,c:\Users\27550\Desktop\code\git\linux_cmds-sh\py\music_rename\origin\网易云音乐-【周深】《达拉崩吧》神级现场_一开口就是.m4a,达拉崩吧-周深-现场版.m4a,c:\Users\27550\Desktop\code\git\linux_cmds-sh\py\music_rename\generate\达拉崩吧-周深-现场版.m4a,2026-03-16 11:11:47,达拉崩吧-周深-现场版.m4a|达拉崩吧-周深-网易云音乐现场.m4a|达拉崩吧-周深-神级现场.m4a
网易云音乐-单曲循环！__李荣浩梁咏琪深情合唱【紫荆.m4a,c:\Users\27550\Desktop\code\git\linux_cmds-sh\py\music_rename\origin\网易云音乐-单曲循环！__李荣浩梁咏琪深情合唱【紫荆.m4a,紫荆-李荣浩梁咏琪-合唱.m4a,c:\Users\27550\Desktop\code\git\linux_cmds-sh\py\music_rename\generate\紫荆-李荣浩梁咏琪-合唱.m4a,2026-03-16 11:11:54,紫荆-李荣浩梁咏琪-合唱.m4a|紫荆-李荣浩&梁咏琪-深情合唱.m4a|紫荆-李荣浩梁咏琪-网易云音乐.m4a
花之祭P-【洛天依】三千世界鸦杀尽【原创曲PV附✿.m4a,c:\Users\27550\Desktop\code\git\linux_cmds-sh\py\music_rename\origin\花之祭P-【洛天依】三千世界鸦杀尽【原创曲PV附✿.m4a,三千世界鸦杀尽-花之祭P-洛天依.m4a,c:\Users\27550\Desktop\code\git\linux_cmds-sh\py\music_rename\generate\三千世界鸦杀尽-花之祭P-洛天依.m4a,2026-03-16 11:12:02,三千世界鸦杀尽-花之祭P-洛天依.m4a|三千世界鸦杀尽-花之祭P-原创曲PV.m4a|三千世界鸦杀尽-花之祭P-洛天依原创曲.m4a
荻原沙优_Official-Magia（44_1_16官方无损音源）.m4a,c:\Users\27550\Desktop\code\git\linux_cmds-sh\py\music_rename\origin\荻原沙优_Official-Magia（44_1_16官方无损音源）.m4a,Magia-荻原沙优-Official.m4a,c:\Users\27550\Desktop\code\git\linux_cmds-sh\py\music_rename\generate\Magia-荻原沙优-Official.m4a,2026-03-16 11:12:10,Magia-荻原沙优-Official.m4a|Magia-荻原沙优-官方无损音源.m4a|Magia-荻原沙优-44_1_16.m4a
蔍與-NieR_Replicant_ver_1.m4a,c:\Users\27550\Desktop\code\git\linux_cmds-sh\py\music_rename\origin\蔍與-NieR_Replicant_ver_1.m4a,NieR Replicant ver.1-蔍與-OST.m4a,c:\Users\27550\Desktop\code\git\linux_cmds-sh\py\music_rename\generate\NieR Replicant ver.1-蔍與-OST.m4a,2026-03-16 11:12:18,NieR Replicant ver.1-蔍與-Game Soundtrack.m4a|NieR Replicant ver.1-蔍與-OST.m4a|NieR Replicant ver.1-蔍與-Video Game Music.m4a
薇薇不危唯安-【兰若度母】翻唱_你们的神明少女不祈祷了.m4a,c:\Users\27550\Desktop\code\git\linux_cmds-sh\py\music_rename\origin\薇薇不危唯安-【兰若度母】翻唱_你们的神明少女不祈祷了.m4a,兰若度母-薇薇不危唯安-神明少女不祈祷了.m4a,c:\Users\27550\Desktop\code\git\linux_cmds-sh\py\music_rename\generate\兰若度母-薇薇不危唯安-神明少女不祈祷了.m4a,2026-03-16 11:12:27,兰若度母-薇薇不危唯安-翻唱.m4a|兰若度母-薇薇不危唯安-神明少女不祈祷了.m4a|兰若度母-薇薇不危唯安-翻唱版.m4a
谁叫你这么剪的-岳不群_-_左手指月_左手捻着花右手舞着.m4a,c:\Users\27550\Desktop\code\git\linux_cmds-sh\py\music_rename\origin\谁叫你这么剪的-岳不群_-_左手指月_左手捻着花右手舞着.m4a,左手指月-岳不群-左手捻花舞.m4a,c:\Users\27550\Desktop\code\git\linux_cmds-sh\py\music_rename\generate\左手指月-岳不群-左手捻花舞.m4a,2026-03-16 11:12:37,左手指月-岳不群-左手捻花右手舞.m4a|左手指月-岳不群-左手捻花舞.m4a|左手指月-岳不群-左手捻花右手舞着.m4a
谷风夜空-“又嗨又可爱的歌，可以拿去跳广场舞了”《.m4a,c:\Users\27550\Desktop\code\git\linux_cmds-sh\py\music_rename\origin\谷风夜空-“又嗨又可爱的歌，可以拿去跳广场舞了”《.m4a,谷风夜空-又嗨又可爱的歌-广场舞.m4a,c:\Users\27550\Desktop\code\git\linux_cmds-sh\py\music_rename\generate\谷风夜空-又嗨又可爱的歌-广场舞.m4a,2026-03-16 11:12:52,谷风夜空-又嗨又可爱的歌-广场舞.m4a|谷风夜空-广场舞歌曲-又嗨又可爱.m4a|谷风夜空-广场舞音乐-可爱动感.m4a
逐晓-超带感的笼中鸟填词！辉夜听了也想抖腿【东.m4a,c:\Users\27550\Desktop\code\git\linux_cmds-sh\py\music_rename\origin\逐晓-超带感的笼中鸟填词！辉夜听了也想抖腿【东.m4a,笼中鸟-逐晓-辉夜填词版.m4a,c:\Users\27550\Desktop\code\git\linux_cmds-sh\py\music_rename\generate\笼中鸟-逐晓-辉夜填词版.m4a,2026-03-16 11:13:00,笼中鸟-逐晓-辉夜填词版.m4a|逐晓-笼中鸟填词版-辉夜.m4a|笼中鸟(填词版)-逐晓-超带感.m4a
银月之庭 (蓝花) -少女哥伦比娅-原神.m4a,c:\Users\27550\Desktop\code\git\linux_cmds-sh\py\music_rename\origin\银月之庭 (蓝花) -少女哥伦比娅-原神.m4a,银月之庭 (蓝花)-少女哥伦比娅-原神.m4a,c:\Users\27550\Desktop\code\git\linux_cmds-sh\py\music_rename\generate\银月之庭 (蓝花)-少女哥伦比娅-原神.m4a,2026-03-16 11:13:09,银月之庭-少女哥伦比娅-原神.m4a|银月之庭 (蓝花)-少女哥伦比娅-原神.m4a|银月之庭-少女哥伦比娅-原神 (蓝花).m4a
阀执vrole-【ch_瓷】人_间_乐.m4a,c:\Users\27550\Desktop\code\git\linux_cmds-sh\py\music_rename\origin\阀执vrole-【ch_瓷】人_间_乐.m4a,人间乐-瓷-阀执vrole.m4a,c:\Users\27550\Desktop\code\git\linux_cmds-sh\py\music_rename\generate\人间乐-瓷-阀执vrole.m4a,2026-03-16 11:13:19,人间乐-瓷-阀执vrole.m4a|人间乐-瓷-ch.m4a|人间乐-瓷-阀执vrole_ch.m4a
阿尔法-日诺-【战锤40k_填词】帝皇的千秋梦—“毕竟.m4a,c:\Users\27550\Desktop\code\git\linux_cmds-sh\py\music_rename\origin\阿尔法-日诺-【战锤40k_填词】帝皇的千秋梦—“毕竟.m4a,帝皇的千秋梦-阿尔法日诺-战锤40k填词版.m4a,c:\Users\27550\Desktop\code\git\linux_cmds-sh\py\music_rename\generate\帝皇的千秋梦-阿尔法日诺-战锤40k填词版.m4a,2026-03-16 11:13:27,帝皇的千秋梦-阿尔法日诺-战锤40k填词版.m4a|帝皇的千秋梦-阿尔法日诺-战锤40k同人音乐.m4a|帝皇的千秋梦-阿尔法日诺-填词翻唱.m4a
雨若不是小姐姐-“偏我来时不逢春，偏我去时春满城”.m4a,c:\Users\27550\Desktop\code\git\linux_cmds-sh\py\music_rename\origin\雨若不是小姐姐-“偏我来时不逢春，偏我去时春满城”.m4a,偏我来时不逢春，偏我去时春满城-雨若不是小姐姐-古风歌曲.m4a,c:\Users\27550\Desktop\code\git\linux_cmds-sh\py\music_rename\generate\偏我来时不逢春，偏我去时春满城-雨若不是小姐姐-古风歌曲.m4a,2026-03-16 11:13:36,偏我来时不逢春，偏我去时春满城-雨若不是小姐姐-古风歌曲.m4a|偏我来时不逢春，偏我去时春满城-雨若不是小姐姐-原创音乐.m4a|偏我来时不逢春，偏我去时春满城-雨若不是小姐姐.m4a
音频收藏馆-_神明神明张开嘴_嗵嗵_-_DOUDOU.m4a,c:\Users\27550\Desktop\code\git\linux_cmds-sh\py\music_rename\origin\音频收藏馆-_神明神明张开嘴_嗵嗵_-_DOUDOU.m4a,神明神明张开嘴-嗵嗵-DOUDOU.m4a,c:\Users\27550\Desktop\code\git\linux_cmds-sh\py\music_rename\generate\神明神明张开嘴-嗵嗵-DOUDOU.m4a,2026-03-16 11:13:42,神明神明张开嘴-嗵嗵-DOUDOU.m4a|神明神明张开嘴-嗵嗵-音频收藏馆.m4a|神明神明张开嘴-嗵嗵.m4a
鬼面P-【洛天依x乐正绫】《黄梅戏》_“为救李郎.m4a,c:\Users\27550\Desktop\code\git\linux_cmds-sh\py\music_rename\origin\鬼面P-【洛天依x乐正绫】《黄梅戏》_“为救李郎.m4a,黄梅戏-鬼面P-洛天依x乐正绫.m4a,c:\Users\27550\Desktop\code\git\linux_cmds-sh\py\music_rename\generate\黄梅戏-鬼面P-洛天依x乐正绫.m4a,2026-03-16 11:13:49,黄梅戏-鬼面P-洛天依x乐正绫.m4a|为救李郎-鬼面P-洛天依x乐正绫.m4a|黄梅戏（为救李郎）-鬼面P-洛天依x乐正绫.m4a
鬼面P-【洛天依】《你若三冬》来，换我一城雪白【.m4a,c:\Users\27550\Desktop\code\git\linux_cmds-sh\py\music_rename\origin\鬼面P-【洛天依】《你若三冬》来，换我一城雪白【.m4a,你若三冬-鬼面P-洛天依.m4a,c:\Users\27550\Desktop\code\git\linux_cmds-sh\py\music_rename\generate\你若三冬-鬼面P-洛天依.m4a,2026-03-16 11:13:55,你若三冬-鬼面P-洛天依.m4a|你若三冬-鬼面P-来换我一城雪白.m4a|你若三冬-鬼面P-洛天依演唱.m4a
鬼面P-【洛天依】《虞兮叹》_“一声虞兮虞兮泪眼.m4a,c:\Users\27550\Desktop\code\git\linux_cmds-sh\py\music_rename\origin\鬼面P-【洛天依】《虞兮叹》_“一声虞兮虞兮泪眼.m4a,虞兮叹-鬼面P-洛天依.m4a,c:\Users\27550\Desktop\code\git\linux_cmds-sh\py\music_rename\generate\虞兮叹-鬼面P-洛天依.m4a,2026-03-16 11:14:03,虞兮叹-鬼面P-洛天依.m4a|虞兮叹-鬼面P-洛天依演唱.m4a|虞兮叹-鬼面P-洛天依版.m4a
鲯枳-“恐有街头胭脂色_柳絮沾白血沾红”《红昭.m4a,c:\Users\27550\Desktop\code\git\linux_cmds-sh\py\music_rename\origin\鲯枳-“恐有街头胭脂色_柳絮沾白血沾红”《红昭.m4a,红昭-鲯枳-恐有街头胭脂色_柳絮沾白血沾红.m4a,c:\Users\27550\Desktop\code\git\linux_cmds-sh\py\music_rename\generate\红昭-鲯枳-恐有街头胭脂色_柳絮沾白血沾红.m4a,2026-03-16 11:14:15,红昭-鲯枳-恐有街头胭脂色_柳絮沾白血沾红.m4a|红昭-鲯枳-恐有街头胭脂色.m4a|红昭-鲯枳-柳絮沾白血沾红.m4a
